Annual Subway Ridership,,,,,,,,,,,
Station (alphabetical by borough),*,Boro,2016,2017,2018,2019,2020,2021,2020-2021 Change,,2021 Rank
"138 St-Grand Concourse (4,5)",1,Bx,"1,070,024","1,036,746","944,598","1,035,878","371,408","656,866","285,458",76.90%,323
"149 St-Grand Concourse (2,4,5)",,Bx,"4,381,900","4,255,015","3,972,763","3,931,908","1,815,785","1,832,521","16,736",0.90%,125
"161 St-Yankee Stadium (B,D,4)",,Bx,"8,784,407","8,596,506","8,392,290","8,254,928","3,221,651","4,077,604","855,953",26.60%,33
167 St (4),,Bx,"3,179,087","2,954,228","2,933,140","2,653,237","1,396,287","1,615,072","218,785",15.70%,143
"167 St (B,D)",2,Bx,"3,365,748","3,293,451","2,022,919","2,734,530","1,422,149","1,508,270","86,121",6.10%,164
170 St (4),,Bx,"3,038,777","2,785,331","2,562,443","2,487,611","1,265,950","1,278,506","12,556",1.00%,188
"170 St (B,D)",,Bx,"2,317,558","2,270,027","2,454,974","2,130,461","1,002,095","1,104,637","102,542",10.20%,217
"174 St (2,5)",,Bx,"2,411,413","2,334,317","2,056,692","2,057,118","953,564","1,077,126","123,562",13.00%,223
"174-175 Sts (B,D)",3,Bx,"1,752,387","1,735,321","1,005,075","1,518,260","788,121","853,579","65,458",8.30%,272
176 St (4),,Bx,"2,036,529","1,943,854","1,803,691","1,713,696","876,865","939,585","62,720",7.20%,252
"182-183 Sts (B,D)",,Bx,"1,682,092","1,577,144","1,502,814","1,513,443","761,613","812,994","51,381",6.70%,283
183 St (4),,Bx,"2,071,316","2,001,410","1,831,457","1,779,224","951,634","1,051,456","99,822",10.50%,232
"219 St (2,5)",,Bx,"1,049,128","1,044,200","1,026,894","979,390","457,388","495,442","38,054",8.30%,361
"225 St (2,5)",,Bx,"1,365,544","1,323,910","1,224,369","1,187,486","549,296","605,491","56,195",10.20%,336
231 St (1),,Bx,"3,013,521","3,013,031","3,133,231","2,919,305","1,289,691","1,462,605","172,914",13.40%,168
"233 St (2,5)",,Bx,"1,688,487","1,565,455","1,496,673","1,445,532","721,495","796,596","75,101",10.40%,284
238 St (1),4,Bx,"1,327,862","1,335,877","960,970","1,204,095","588,199","678,017","89,818",15.30%,315
3 Av-138 St (6),,Bx,"2,509,085","2,515,479","2,451,972","2,503,850","1,271,192","1,359,371","88,179",6.90%,181
"3 Av-149 St (2,5)",,Bx,"7,609,968","7,458,222","6,784,053","6,768,255","3,166,766","3,301,418","134,652",4.30%,50
"Allerton Av (2,5)",,Bx,"1,733,740","1,678,247","1,603,702","1,614,464","760,068","850,231","90,163",11.90%,273
Baychester Av (5),,Bx,"1,112,259","1,054,373","1,006,343","1,094,872","491,293","485,836","-5,457",-1.10%,362
"Bedford Park Blvd (B,D)",,Bx,"2,240,256","2,220,298","1,984,267","2,143,375","968,590","1,106,992","138,402",14.30%,216
Bedford Park Blvd-Lehman College (4),,Bx,"1,812,036","1,716,853","1,575,555","1,538,253","691,845","795,864","104,019",15.00%,285
"Bronx Park East (2,5)",,Bx,"841,547","799,927","752,916","769,303","354,016","421,588","67,572",19.10%,380
Brook Av (6),,Bx,"1,964,831","1,938,814","1,895,570","1,823,468","949,904","1,026,185","76,281",8.00%,236
Buhre Av (6),0,Bx,"1,048,776","1,094,122","1,110,307","1,146,032","519,694","585,402","65,708",12.60%,339
"Burke Av (2,5)",,Bx,"1,099,582","1,064,119","997,617","1,000,896","480,152","531,811","51,659",10.80%,352
Burnside Av (4),,Bx,"3,617,308","3,442,348","3,198,218","3,113,514","1,473,081","1,614,822","141,741",9.60%,144
Castle Hill Av (6),,Bx,"2,100,194","2,071,819","2,000,084","1,954,511","947,432","1,043,725","96,293",10.20%,233
Cypress Av (6),,Bx,"1,265,930","1,230,910","1,113,667","1,043,922","507,795","519,868","12,073",2.40%,356
East 143 St-St Mary's St (6),,Bx,"313,386","285,667","301,240","313,938","168,285","196,864","28,579",17.00%,413
East 149 St (6),,Bx,"1,518,946","1,531,045","1,508,022","1,467,410","788,235","828,659","40,424",5.10%,280
"East 180 St (2,5)",,Bx,"2,518,622","2,589,024","2,249,646","2,211,198","1,142,139","1,216,916","74,777",6.50%,196
Eastchester-Dyre Av (5),,Bx,"1,293,411","1,261,041","1,259,009","1,331,886","631,122","658,061","26,939",4.30%,322
Elder Av (6),,Bx,"2,117,178","2,107,677","2,000,985","1,996,492","1,053,012","1,148,003","94,991",9.00%,207
Fordham Rd (4),,Bx,"3,858,183","3,656,367","3,321,215","3,120,976","1,580,225","1,837,293","257,068",16.30%,124
"Fordham Rd (B,D)",,Bx,"3,890,986","3,843,008","3,596,416","3,671,217","1,713,032","1,843,504","130,472",7.60%,122
"Freeman St (2,5)",,Bx,"1,588,448","1,556,949","1,354,453","1,358,821","642,087","739,184","97,097",15.10%,302
"Gun Hill Rd (2,5)",,Bx,"2,473,814","2,429,804","2,197,147","2,271,942","1,012,373","1,103,035","90,662",9.00%,218
Gun Hill Rd (5),5,Bx,"1,619,073","1,555,601","1,521,987","1,248,513","466,005","757,669","291,664",62.60%,294
Hunts Point Av (6),,Bx,"3,269,585","3,243,725","3,216,569","3,174,354","1,633,812","1,729,412","95,600",5.90%,135
"Intervale Av (2,5)",,Bx,"1,061,240","1,045,483","943,016","964,689","472,958","547,183","74,225",15.70%,349
"Jackson Av (2,5)",,Bx,"1,802,193","1,794,781","1,597,307","1,584,727","740,308","830,161","89,853",12.10%,278
Kingsbridge Rd (4),,Bx,"3,126,119","3,024,692","2,783,082","2,733,096","1,357,273","1,494,520","137,247",10.10%,165
"Kingsbridge Rd (B,D)",,Bx,"2,566,076","2,589,970","2,475,107","2,485,283","1,189,102","1,195,990","6,888",0.60%,203
Longwood Av (6),6,Bx,"1,081,519","1,084,049","1,040,934","949,680","390,165","554,609","164,444",42.10%,347
Middletown Rd (6),,Bx,"598,447","609,861","595,044","597,839","257,912","289,799","31,887",12.40%,402
Morris Park (5),,Bx,"677,899","685,577","668,423","711,229","318,988","373,691","54,703",17.10%,392
Morrison Av-Soundview (6),,Bx,"2,135,920","2,125,767","1,988,053","1,970,185","1,000,610","1,095,552","94,942",9.50%,220
Mosholu Pkwy (4),,Bx,"2,836,370","2,695,090","2,531,607","2,491,758","1,274,467","1,423,888","149,421",11.70%,172
Mt Eden Av (4),,Bx,"1,824,478","1,708,790","1,652,407","1,551,038","823,443","904,701","81,258",9.90%,259
"Nereid Av (2,5)",,Bx,"1,131,328","1,085,289","1,034,335","1,006,617","470,230","538,907","68,677",14.60%,350
Norwood-205 St (D),,Bx,"2,805,984","2,723,506","2,611,874","2,639,003","1,315,356","1,366,801","51,445",3.90%,180
Parkchester (6),,Bx,"5,201,901","5,071,740","4,836,244","4,734,709","2,205,552","2,409,332","203,780",9.20%,82
Pelham Bay Park (6),,Bx,"2,208,725","2,207,720","2,146,552","2,134,403","951,324","1,011,530","60,206",6.30%,238
"Pelham Pkwy (2,5)",,Bx,"2,955,589","2,849,210","2,639,586","2,651,208","1,222,206","1,427,443","205,237",16.80%,171
Pelham Pkwy (5),,Bx,"897,374","869,177","844,884","896,134","405,004","447,473","42,469",10.50%,372
"Prospect Av (2,5)",,Bx,"2,513,169","2,413,743","2,142,697","2,148,059","1,021,781","1,125,530","103,749",10.20%,211
"Simpson St (2,5)",,Bx,"3,046,838","2,965,807","2,585,974","2,602,749","1,230,833","1,385,438","154,605",12.60%,176
St. Lawrence Ave. (6),,Bx,"1,329,758","1,334,387","1,273,609","1,276,865","641,826","699,851","58,025",9.00%,309
"Tremont Av (B,D)",,Bx,"3,213,396","3,154,608","3,246,064","3,052,099","1,433,744","1,518,048","84,304",5.90%,162
Van Cortlandt Park-242 St (1),,Bx,"2,294,482","2,249,314","2,333,136","2,189,109","980,836","1,111,670","130,834",13.30%,215
Wakefield-241 St (2),,Bx,"1,662,337","1,578,125","1,484,478","1,404,748","711,029","773,321","62,292",8.80%,291
"West Farms Sq-East Tremont Av (2,5)",,Bx,"2,465,907","2,388,659","2,094,751","2,104,945","947,252","1,072,113","124,861",13.20%,225
Westchester Sq-East Tremont Av (6),,Bx,"1,952,473","1,917,007","1,817,925","1,796,415","835,515","929,707","94,192",11.30%,255
Whitlock Av (6),,Bx,"571,352","595,385","592,103","586,845","308,198","331,929","23,731",7.70%,399
Woodlawn (4),,Bx,"2,380,900","2,242,100","2,160,859","2,094,285","949,554","1,112,041","162,487",17.10%,214
Zerega Av (6),0,Bx,"784,314","799,739","792,928","795,756","361,499","401,426","39,927",11.00%,386
"15 St-Prospect Park (F,G)",,B,"1,958,444","1,917,454","1,867,619","1,964,534","681,492","861,654","180,162",26.40%,270
18 Av (D),,B,"2,003,777","1,948,610","1,909,554","1,942,617","851,720","953,937","102,217",12.00%,250
18 Av (F),,B,"1,344,286","1,281,041","1,163,390","1,113,492","503,136","556,981","53,845",10.70%,346
18 Av (N),7,B,"723,187","992,834","981,261","1,179,756","677,764","895,072","217,308",32.10%,263
20 Av (D),,B,"1,656,437","1,579,804","1,534,396","1,578,971","703,957","780,372","76,415",10.90%,289
20 Av (N),8,B,"409,416","664,120","1,075,077","1,142,086","486,218","627,481","141,263",29.10%,329
25 Av (D),,B,"1,992,945","1,789,365","1,571,134","1,507,759","609,450","671,478","62,028",10.20%,318
25 St (R),,B,"1,188,884","1,373,521","1,149,469","1,153,842","504,579","632,081","127,502",25.30%,328
"36 St (D,N,R)",,B,"4,235,509","4,543,305","4,293,364","4,254,406","1,924,520","2,410,423","485,903",25.20%,81
"4 Av (F,G)/9 St (R)",,B,"4,138,758","4,323,467","3,906,028","3,924,882","1,531,708","1,946,762","415,054",27.10%,115
45 St (R),,B,"2,228,315","2,390,684","2,251,921","2,461,410","1,081,234","1,357,398","276,164",25.50%,182
50 St (D),,B,"1,012,356","986,060","965,643","976,988","521,944","589,552","67,608",13.00%,338
53 St (R),9,B,"2,334,471","1,187,907","2,378,056","2,797,730","1,368,019","1,603,169","235,150",17.20%,148
55 St (D),,B,"665,488","632,198","650,590","637,405","330,043","363,734","33,691",10.20%,396
"59 St (N,R)",,B,"4,169,280","5,326,789","3,998,207","3,664,480","1,631,566","2,190,023","558,457",34.20%,93
"7 Av (B,Q)",,B,"2,943,272","3,236,816","3,126,475","3,103,599","1,007,948","1,382,641","374,693",37.20%,177
"7 Av (F,G)",,B,"3,700,321","3,623,053","3,572,223","3,675,218","1,314,989","1,694,473","379,484",28.90%,139
71 St (D),,B,"2,029,479","1,854,361","1,746,966","1,722,921","721,711","788,730","67,019",9.30%,287
77 St (R),,B,"1,743,795","1,980,011","1,676,402","1,674,582","700,333","839,021","138,688",19.80%,276
79 St (D),,B,"2,137,349","2,032,937","1,901,043","1,926,290","816,330","964,785","148,455",18.20%,246
8 Av (N),,B,"4,586,559","4,088,721","3,700,661","3,801,700","1,424,892","1,771,913","347,021",24.40%,130
86 St. (N),10,B,"419,039","494,456","609,555","708,542","365,213","442,826","77,613",21.30%,373
86 St. (R),,B,"3,752,400","3,516,712","3,470,741","3,434,888","1,538,353","1,869,595","331,242",21.50%,120
9 Av (D),,B,"1,858,368","1,737,192","1,667,200","1,708,387","807,970","926,924","118,954",14.70%,256
Alabama Av (J),,B,"834,945","755,935","652,030","628,299","337,011","367,463","30,452",9.00%,394
Atlantic Av (L),,B,"436,300","557,103","559,411","469,819","228,515","273,703","45,188",19.80%,406
"Atlantic Av-Barclays Ctr (B,D,N,Q,R,2,3,4,5)",11,B,"13,818,168","13,571,093","13,807,282","13,939,794","5,474,265","6,420,924","946,659",17.30%,13
Avenue H (Q),,B,"952,855","1,006,747","1,034,018","991,766","395,439","420,875","25,436",6.40%,381
Avenue I (F),12,B,"585,217","326,469","326,005","584,129","262,583","286,430","23,847",9.10%,403
Avenue J (Q),,B,"1,867,727","1,912,497","1,878,547","1,775,846","799,621","973,093","173,472",21.70%,245
Avenue M (Q),,B,"1,776,762","1,828,941","1,808,189","1,691,285","763,258","956,834","193,576",25.40%,249
Avenue N (F),13,B,"941,921","643,200","612,201","877,383","393,183","416,424","23,241",5.90%,383
Avenue P (F),14,B,"809,816","534,727","509,036","739,804","333,836","361,909","28,073",8.40%,397
Avenue U (F),15,B,"772,331","373,322","310,821","547,776","248,310","268,720","20,410",8.20%,407
Avenue U (N),16,B,"456,533","734,714","830,278","1,019,104","503,937","659,430","155,493",30.90%,321
Avenue U (Q),,B,"2,332,985","2,360,833","2,329,614","2,301,941","979,080","1,194,190","215,110",22.00%,204
Avenue X (F),17,B,"727,220","738,274","775,436","758,700","334,714","345,053","10,339",3.10%,398
Bay 50 St (D),,B,"972,937","900,508","826,074","821,873","351,591","431,849","80,258",22.80%,376
Bay Pkwy (D),,B,"2,578,524","2,502,105","2,435,949","2,446,673","1,086,573","1,198,845","112,272",10.30%,201
Bay Pkwy (F),18,B,"406,793","214,153","188,225","362,802","167,877","186,383","18,506",11.00%,414
Bay Pkwy (N),,B,"3,435,240","2,950,253","2,266,916","2,071,452","940,309","1,204,285","263,976",28.10%,198
Bay Ridge Av (R),19,B,"2,622,438","1,282,256","2,228,497","2,354,120","1,023,374","1,248,115","224,741",22.00%,190
Bay Ridge-95 St (R),,B,"1,853,049","1,755,379","1,739,178","1,743,441","740,055","840,527","100,472",13.60%,275
Bedford Av (L),,B,"9,688,560","9,644,831","9,053,980","7,836,366","2,873,798","4,989,268","2,115,470",73.60%,24
Bedford-Nostrand Avs (G),,B,"2,697,942","2,779,124","2,774,993","2,795,387","1,062,724","1,400,855","338,131",31.80%,173
"Bergen St (2,3)",,B,"1,231,084","1,180,684","1,140,677","1,208,319","435,520","525,186","89,666",20.60%,354
"Bergen St (F,G)",,B,"3,599,389","3,525,144","3,478,946","3,577,496","1,240,354","1,602,668","362,314",29.20%,149
Beverley Rd (Q),,B,"953,903","1,038,252","1,060,568","1,048,249","453,974","567,370","113,396",25.00%,343
"Beverly Rd (2,5)",,B,"1,379,958","1,348,244","1,307,405","1,284,232","607,427","690,326","82,899",13.60%,311
"Brighton Beach (B,Q)",,B,"4,044,514","3,957,811","3,778,194","3,745,994","1,683,782","1,947,393","263,611",15.70%,114
Broadway (G),,B,"1,397,227","1,385,797","1,402,102","1,506,905","728,238","868,771","140,533",19.30%,269
"Broadway Junction (A,C,J,L,Z)",,B,"3,085,401","2,911,532","2,810,636","2,759,349","1,292,868","1,317,906","25,038",1.90%,185
Bushwick Av-Aberdeen St (L),,B,"672,880","682,086","671,545","600,188","298,031","418,114","120,083",40.30%,382
Canarsie-Rockaway Pkwy (L),,B,"3,897,784","3,828,628","3,598,843","3,302,691","1,306,173","1,062,745","-243,428",-18.60%,229
"Carroll St (F,G)",,B,"3,563,150","3,537,661","3,490,924","3,615,019","1,261,245","1,605,517","344,272",27.30%,146
Central Av (M),20,B,"1,158,274","539,681","725,022","1,472,067","591,081","613,375","22,294",3.80%,332
"Chauncey St (J,Z)",,B,"1,092,483","1,095,638","1,063,828","1,076,510","479,409","526,390","46,981",9.80%,353
"Church Av (2,5)",,B,"3,027,658","2,916,680","2,818,535","2,862,033","1,335,645","1,537,560","201,915",15.10%,159
"Church Av (B,Q)",,B,"5,438,775","5,455,527","5,161,293","5,061,013","2,181,585","2,569,628","388,043",17.80%,74
"Church Av (F,G)",21,B,"3,315,387","3,148,411","3,099,383","3,051,736","1,368,063","1,579,762","211,699",15.50%,153
"Clark St (2,3)",,B,"2,000,024","1,631,139","1,550,414","1,781,419","589,682","667,841","78,159",13.30%,319
Classon Av (G),,B,"1,581,663","1,585,121","1,649,340","1,722,852","667,262","895,280","228,018",34.20%,262
Cleveland St (J),,B,"1,104,683","1,011,734","901,928","880,879","436,011","451,537","15,526",3.60%,371
Clinton-Washington Avs (C),,B,"2,152,345","2,201,880","2,178,439","2,144,338","724,726","916,121","191,395",26.40%,257
Clinton-Washington Avs (G),,B,"1,656,058","1,551,042","1,534,802","1,609,332","574,939","787,190","212,251",36.90%,288
"Coney Island-Stillwell Av (D,F,N,Q)",,B,"5,025,598","4,803,755","4,615,664","4,579,191","1,838,369","2,288,692","450,323",24.50%,87
Cortelyou Rd (Q),,B,"1,978,254","2,028,859","1,994,734","1,957,538","835,380","1,023,916","188,536",22.60%,237
"Court St (R)/Borough Hall (2,3,4,5)",,B,"11,080,334","10,693,598","10,364,534","10,135,722","3,356,706","3,728,044","371,338",11.10%,40
"Crescent St (J,Z)",,B,"1,617,730","1,570,485","1,467,166","1,391,945","677,801","739,465","61,664",9.10%,301
"Crown Heights-Utica Av (3,4)",,B,"9,051,970","8,954,499","7,920,192","7,933,008","3,654,953","3,936,420","281,467",7.70%,37
Cypress Hills (J),,B,"462,143","435,855","411,331","420,647","222,325","247,051","24,726",11.10%,410
"DeKalb Av (B,Q,R)",,B,"5,640,329","6,551,184","6,776,248","6,708,640","2,419,410","2,878,314","458,904",19.00%,63
DeKalb Av (L),,B,"4,017,076","4,171,610","4,000,252","3,290,894","1,541,784","2,155,743","613,959",39.80%,96
Ditmas Av (F),22,B,"1,055,185","1,137,998","1,149,528","1,177,275","538,215","612,635","74,420",13.80%,334
East 105 St (L),,B,"1,201,578","1,201,452","1,139,556","1,001,343","477,302","479,124","1,822",0.40%,363
"Eastern Pkwy-Brooklyn Museum (2,3)",,B,"1,585,048","1,530,635","1,544,013","1,338,351","441,688","681,607","239,919",54.30%,313
"Euclid Av (A,C)",,B,"3,458,027","3,415,739","3,174,827","3,240,578","1,537,226","1,547,409","10,183",0.70%,157
"Flatbush Av-Brooklyn College (2,5)",,B,"6,321,530","6,107,780","5,822,873","5,684,108","2,404,776","2,587,148","182,372",7.60%,73
Flushing Av (G),,B,"877,269","849,840","874,498","732,897","402,100","558,413","156,313",38.90%,345
"Flushing Av (J,M)",,B,"2,894,033","2,764,583","2,537,390","2,773,154","1,256,788","1,372,156","115,368",9.20%,178
Fort Hamilton Pkwy (D),,B,"1,349,733","1,273,516","1,191,580","1,207,971","614,581","731,471","116,890",19.00%,303
"Fort Hamilton Pkwy (F,G)",,B,"1,845,401","1,786,458","1,765,887","1,800,167","633,055","817,620","184,565",29.20%,282
Fort Hamilton Pkwy (N),23,B,"554,051","988,664","969,878","1,372,278","780,316","996,284","215,968",27.70%,240
"Franklin Av (2,3,4,5)/Botanic Garden (S)",,B,"5,010,984","4,762,184","4,604,219","4,999,385","1,849,090","2,137,307","288,217",15.60%,98
"Franklin Av (C,S)",,B,"2,056,281","2,058,258","2,051,171","1,977,940","781,552","874,945","93,393",11.90%,268
Fulton St (G),,B,"1,639,930","1,698,778","1,745,439","1,768,601","743,347","973,973","230,626",31.00%,244
"Gates Av (J,Z)",,B,"2,117,787","2,262,915","2,234,908","2,249,791","957,606","1,125,621","168,015",17.50%,210
Graham Av (L),,B,"3,324,292","3,299,951","3,093,428","2,709,511","1,039,834","1,492,809","452,975",43.60%,166
"Grand Army Plaza (2,3)",,B,"2,425,948","2,265,097","2,228,173","2,295,401","813,305","984,813","171,508",21.10%,242
Grand St (L),,B,"2,174,128","2,256,349","2,126,443","1,847,219","809,406","1,122,527","313,121",38.70%,212
Grant Av (A),,B,"2,170,567","1,950,109","1,842,974","1,749,932","802,190","853,610","51,420",6.40%,271
Greenpoint Av (G),,B,"2,951,454","2,934,770","2,859,047","3,089,912","1,296,681","1,704,159","407,478",31.40%,138
Halsey St (J),,B,"2,101,350","2,131,177","2,059,030","2,120,521","871,012","950,058","79,046",9.10%,251
Halsey St (L),,B,"2,629,576","2,776,078","2,625,255","2,176,141","1,005,045","1,327,970","322,925",32.10%,184
"Hewes St (J,M)",,B,"913,179","894,671","893,262","1,117,566","468,382","516,269","47,887",10.20%,357
"High St (A,C)",,B,"2,536,059","2,983,672","3,463,611","3,536,860","1,043,554","1,397,257","353,703",33.90%,174
"Hoyt St (2,3)",,B,"2,356,001","2,137,478","1,982,208","2,293,256","898,643","1,084,836","186,193",20.70%,222
"Hoyt-Schermerhorn Sts (A,C,G)",,B,"3,082,398","3,264,293","3,370,038","3,605,153","1,426,671","1,744,024","317,353",22.20%,133
"Jay St-MetroTech (A,C,F,R)",,B,"13,091,255","13,007,176","12,504,027","12,238,047","4,048,255","4,473,920","425,665",10.50%,28
Jefferson St (L),,B,"2,563,505","2,566,772","2,515,861","2,237,997","912,845","1,347,227","434,382",47.60%,183
Junius St (3),24,B,"681,935","298,119","620,548","676,092","346,436","364,344","17,908",5.20%,395
"Kings Hwy (B,Q)",,B,"6,014,920","6,040,256","5,895,421","5,938,819","2,588,491","3,187,538","599,047",23.10%,53
Kings Hwy (F),,B,"1,398,753","1,531,332","1,356,085","1,129,071","488,475","510,956","22,481",4.60%,359
Kings Hwy (N),25,B,"475,763","910,558","1,032,541","1,371,311","691,832","897,516","205,684",29.70%,261
Kingston Av (3),,B,"1,560,437","1,474,988","1,443,692","1,472,802","620,880","745,263","124,383",20.00%,298
Kingston-Throop Avs (C),,B,"2,031,710","2,085,536","2,099,891","2,055,094","791,030","936,706","145,676",18.40%,254
Knickerbocker Av (M),26,B,"1,288,438","593,366","772,085","1,544,093","659,855","675,807","15,952",2.40%,316
Kosciuszko St (J),,B,"1,661,644","1,979,192","1,908,610","1,779,062","731,320","882,810","151,490",20.70%,266
Lafayette Av (C),,B,"1,639,947","1,621,121","1,631,673","1,599,887","619,691","791,660","171,969",27.80%,286
Liberty Av (C),,B,"920,826","886,011","839,241","833,633","381,652","400,476","18,824",4.90%,387
Livonia Av (L),,B,"1,045,593","1,019,591","994,378","856,615","446,530","394,344","-52,186",-11.70%,388
"Lorimer St (J,M)",,B,"1,595,826","1,619,602","1,495,068","1,747,990","716,035","742,682","26,647",3.70%,300
Lorimer St (L)/Metropolitan Av (G),,B,"5,156,893","5,010,601","4,821,359","4,696,924","1,780,896","2,463,789","682,893",38.30%,80
"Marcy Av (J,M,Z)",,B,"4,272,443","4,199,041","4,171,666","4,717,791","1,816,258","2,028,980","212,722",11.70%,108
Montrose Av (L),,B,"2,338,095","2,306,046","2,239,760","1,933,886","828,023","1,221,841","393,818",47.60%,195
Morgan Av (L),,B,"2,614,617","2,594,607","2,465,927","2,100,475","866,007","1,234,325","368,318",42.50%,192
"Myrtle Av (J,M,Z)",,B,"3,764,562","4,213,096","3,789,470","3,854,024","1,563,366","1,734,324","170,958",10.90%,134
Myrtle-Willoughby Avs (G),,B,"1,887,369","1,765,653","1,768,122","1,820,637","789,214","957,769","168,555",21.40%,248
"Myrtle-Wyckoff Avs (L,M)",,B,"6,531,453","7,302,376","6,893,183","5,927,332","2,704,645","3,318,793","614,148",22.70%,48
Nassau Av (G),,B,"2,851,899","2,765,172","2,880,235","3,136,229","1,186,206","1,522,386","336,180",28.30%,161
Neck Rd (Q),,B,"1,336,596","1,379,473","1,366,989","1,362,524","573,448","655,522","82,074",14.30%,325
Neptune Av (F),,B,"513,566","478,754","433,083","428,163","185,099","211,247","26,148",14.10%,412
"Nevins St (2,3,4,5)",,B,"3,220,745","3,271,270","3,215,723","3,150,597","1,189,273","1,309,465","120,192",10.10%,186
New Lots Av (3),,B,"2,065,205","1,810,576","1,644,379","1,643,487","800,943","821,266","20,323",2.50%,281
New Lots Av (L),,B,"1,645,273","1,638,839","1,499,170","1,254,351","606,925","655,706","48,781",8.00%,324
New Utrecht Av (N)/62 St (D),27,B,"1,784,812","1,651,274","1,503,742","1,501,183","718,496","898,154","179,658",25.00%,260
"Newkirk Av (2,5)",,B,"2,395,551","2,315,386","2,221,270","2,131,839","1,021,789","1,142,138","120,349",11.80%,208
"Newkirk Plaza (B,Q)",,B,"3,315,748","3,356,199","3,258,207","3,252,504","1,356,510","1,689,443","332,933",24.50%,141
"Norwood Av (J,Z)",,B,"1,146,658","1,065,073","966,728","948,571","454,457","472,565","18,108",4.00%,365
Nostrand Av (3),,B,"1,358,853","1,295,175","1,250,715","1,370,372","512,753","603,014","90,261",17.60%,337
"Nostrand Av (A,C)",,B,"5,861,658","5,823,419","5,609,408","5,608,232","2,150,476","2,617,531","467,055",21.70%,72
Ocean Pkwy (Q),,B,"1,016,458","1,022,378","1,018,695","1,033,340","462,998","548,606","85,608",18.50%,348
Park Pl (S),,B,"576,122","575,188","537,340","519,984","214,950","259,323","44,373",20.60%,409
Parkside Av (Q),,B,"1,783,716","1,953,704","1,979,647","1,955,051","861,896","1,070,163","208,267",24.20%,226
Pennsylvania Av (3),28,B,"753,493","1,054,654","1,279,685","1,360,708","662,596","719,312","56,716",8.60%,304
"President St (2,5)",,B,"1,226,582","1,227,134","1,197,019","1,037,219","443,229","559,407","116,178",26.20%,344
Prospect Av (R),29,B,"1,758,711","961,733","1,638,002","1,780,893","676,624","885,878","209,254",30.90%,265
"Prospect Park (B,Q,S)",,B,"3,272,810","3,421,790","3,289,464","3,323,334","1,261,501","1,604,509","343,008",27.20%,147
Ralph Av (C),,B,"1,863,036","1,894,817","1,850,375","1,829,126","818,101","878,860","60,759",7.40%,267
Rockaway Av (3),30,B,"1,534,978","1,685,468","1,412,271","1,451,431","722,986","764,655","41,669",5.80%,292
Rockaway Av (C),,B,"1,786,802","1,794,365","1,790,683","1,787,343","781,385","837,692","56,307",7.20%,277
Saratoga Av (3),31,B,"1,208,956","1,702,107","1,535,733","1,556,357","786,160","841,082","54,922",7.00%,274
"Sheepshead Bay (B,Q)",,B,"4,322,837","4,297,325","4,183,545","4,169,796","1,772,098","2,052,229","280,131",15.80%,104
Shepherd Av (C),,B,"1,059,144","1,038,180","990,387","977,012","449,144","472,122","22,978",5.10%,366
"Smith-9 Sts (F,G)",,B,"1,533,167","1,484,326","1,466,151","1,435,824","609,725","698,444","88,719",14.60%,310
"Sterling St. (2,5)",,B,"1,805,238","1,787,994","1,753,125","1,654,809","745,895","911,058","165,163",22.10%,258
Sutter Av (L),,B,"1,435,112","1,394,283","1,246,958","1,047,762","483,645","512,751","29,106",6.00%,358
Sutter Av-Rutland Rd (3),32,B,"2,035,027","1,049,559","1,968,448","2,019,485","995,590","1,056,784","61,194",6.10%,231
Union St (R),,B,"2,024,863","1,935,724","2,090,848","2,271,983","808,042","1,093,965","285,923",35.40%,221
"Utica Av (A,C)",,B,"5,152,649","5,271,782","5,195,786","5,106,247","2,085,483","2,249,322","163,839",7.90%,90
Van Siclen Av (3),33,B,"1,250,237","1,078,048","854,150","853,106","413,650","413,686",36,0.00%,385
Van Siclen Av (C),,B,"1,017,779","1,026,358","955,230","918,811","437,290","442,084","4,794",1.10%,374
"Van Siclen Av (J,Z)",,B,"983,370","910,042","818,735","791,691","416,713","459,448","42,735",10.30%,369
"West 8 St-New York Aquarium (F,Q)",,B,"795,636","789,104","818,685","837,836","315,691","431,449","115,758",36.70%,377
Wilson Av (L),34,B,"1,219,239","1,471,094","1,420,065","1,290,221","587,630","761,687","174,057",29.60%,293
"Winthrop St (2,5)",,B,"2,146,809","2,148,162","2,140,028","1,882,065","974,253","1,203,929","229,676",23.60%,199
York St (F),,B,"3,286,640","3,172,717","3,256,154","3,927,129","1,257,103","1,561,021","303,918",24.20%,154
1 Av (L),,M,"7,660,896","7,071,729","6,743,140","5,345,371","2,177,284","3,960,124","1,782,840",81.90%,36
103 St (1),,M,"4,290,142","4,114,291","4,072,703","3,766,055","1,470,254","1,880,611","410,357",27.90%,119
103 St (6),35,M,"4,336,922","4,402,069","4,065,523","4,039,570","1,851,275","2,112,042","260,767",14.10%,102
"103 St (B,C)",,M,"1,481,660","1,470,838","1,630,405","1,498,363","579,191","718,579","139,388",24.10%,305
110 St (6),,M,"4,196,711","3,734,660","3,394,176","3,316,061","1,468,770","1,722,459","253,689",17.30%,136
"116 St (2,3)",,M,"3,874,037","3,729,434","3,446,526","3,345,661","1,375,593","1,612,653","237,060",17.20%,145
116 St (6),,M,"5,336,694","5,066,069","4,683,148","4,572,453","2,052,609","2,341,695","289,086",14.10%,84
"116 St (B,C)",,M,"2,276,196","2,253,473","2,262,578","2,288,111","896,442","1,067,970","171,528",19.10%,227
116 St-Columbia University (1),,M,"4,797,152","4,586,341","4,528,136","4,380,469","1,316,284","1,822,117","505,833",38.40%,126
125 St (1),,M,"2,524,125","2,438,960","2,457,157","2,368,025","967,478","1,203,374","235,896",24.40%,200
"125 St (2,3)",,M,"4,989,981","5,054,479","4,727,671","4,644,262","1,848,803","2,121,918","273,115",14.80%,100
"125 St (4,5,6)",,M,"9,431,163","9,088,393","8,630,430","8,554,857","3,587,673","3,772,990","185,317",5.20%,39
"125 St (A,B,C,D)",,M,"9,603,878","9,335,382","9,037,343","9,208,598","3,863,203","4,353,615","490,412",12.70%,30
"135 St (2,3)",,M,"4,867,017","4,768,474","4,506,259","4,268,823","1,867,402","2,048,382","180,980",9.70%,105
"135 St (B,C)",,M,"1,731,460","1,743,984","1,622,552","1,743,921","667,495","753,875","86,380",12.90%,295
137 St-City College (1),,M,"4,564,432","4,440,108","4,260,166","3,874,783","1,717,440","1,941,779","224,339",13.10%,116
"14 St (A,C,E)/8 Av (L)",,M,"14,572,075","14,153,266","14,324,670","14,239,275","4,463,227","6,144,808","1,681,581",37.70%,18
"14 St (F,M,1,2,3)/6 Av (L)",,M,"16,118,952","15,187,056","15,002,214","14,736,035","5,057,029","6,306,914","1,249,885",24.70%,15
"14 St-Union Sq (L,N,Q,R,W,4,5,6)",,M,"34,289,822","34,557,551","33,124,407","32,385,260","10,830,712","13,165,975","2,335,263",21.60%,4
145 St (1),,M,"3,328,994","3,208,921","3,062,446","2,936,613","1,264,852","1,559,488","294,636",23.30%,155
145 St (3),36,M,"1,086,105","1,093,045","635,413","954,825","438,388","506,217","67,829",15.50%,360
"145 St (A,B,C,D)",,M,"7,949,593","7,714,122","7,434,662","7,464,653","3,111,334","3,468,964","357,630",11.50%,47
"155 St (B,D)",,M,"1,308,981","1,212,240","1,115,948","1,123,868","546,625","581,704","35,079",6.40%,340
155 St (C),,M,"881,431","887,427","1,001,262","895,036","367,255","415,142","47,887",13.00%,384
157 St (1),,M,"3,542,519","3,488,053","3,514,522","3,739,786","1,414,356","1,715,878","301,522",21.30%,137
163 St-Amsterdam Av (C),37,M,"1,450,668","1,437,340","548,092","1,390,312","617,596","679,641","62,045",10.00%,314
"168 St (A,C,1)",38,M,"8,217,661","7,945,871","8,150,537","6,156,288","3,265,733","4,029,229","763,496",23.40%,35
175 St (A),,M,"4,049,645","4,112,450","3,879,652","4,182,625","1,665,946","1,995,451","329,505",19.80%,111
18 St (1),,M,"2,687,128","2,594,336","2,683,235","2,649,616","803,924","961,311","157,387",19.60%,247
181 St (1),39,M,"3,772,385","3,742,446","3,605,435","3,523,536","1,682,772","115,142","-1,567,630",-93.20%,418
181 St (A),,M,"3,459,170","3,453,621","3,368,097","3,404,841","1,364,548","2,009,705","645,157",47.30%,110
190 St (A),,M,"1,460,194","1,494,996","1,423,142","1,535,450","562,043","476,475","-85,568",-15.20%,364
191 St (1),40,M,"2,730,419","2,657,964","2,526,932","2,333,160","453,577","1,439,161","985,584",217.30%,169
2 Av (F),,M,"5,772,537","5,372,036","5,034,358","5,583,944","1,846,978","2,557,592","710,614",38.50%,75
207 St (1),,M,"2,148,169","2,097,830","2,020,214","1,853,146","892,067","998,062","105,995",11.90%,239
215 St (1),,M,"636,441","617,727","553,050","527,505","212,402","274,527","62,125",29.20%,405
23 St (1),,M,"4,703,374","4,557,216","4,853,909","4,627,755","1,566,363","1,843,351","276,988",17.70%,123
23 St (6),,M,"8,539,378","8,265,227","9,035,498","8,659,806","2,677,996","2,985,473","307,477",11.50%,60
"23 St (C,E)",,M,"7,543,246","7,410,618","7,420,152","7,272,610","2,341,259","2,932,938","591,679",25.30%,62
"23 St (F,M)",41,M,"8,989,195","8,636,801","5,099,809","8,619,473","3,100,291","3,240,722","140,431",4.50%,52
"23 St (R,W)",,M,"8,151,328","7,651,650","8,155,834","7,085,694","2,020,698","2,468,679","447,981",22.20%,79
28 St (1),,M,"4,544,976","4,348,170","4,444,072","4,493,352","1,367,598","1,582,275","214,677",15.70%,151
28 St (6),42,M,"7,161,164","6,836,061","3,525,030","5,834,989","2,230,478","2,553,865","323,387",14.50%,76
"28 St (R,W)",,M,"4,205,109","4,065,263","4,445,982","4,018,310","1,197,468","1,435,457","237,989",19.90%,170
3 Av (L),,M,"2,449,392","2,319,152","2,204,834","1,700,456","742,241","1,119,803","377,562",50.90%,213
33 St (6),,M,"9,577,123","8,916,102","9,530,273","8,934,900","3,078,482","3,655,767","577,285",18.80%,43
"34 St-Herald Sq (B,D,F,M,N,Q,R,W)",,M,"39,000,352","39,672,507","39,111,312","39,385,436","12,826,841","15,037,793","2,210,952",17.20%,2
34 St-Hudson Yards (7),,M,"2,691,851","3,098,699","3,189,867","6,108,384","2,092,769","2,811,015","718,246",34.30%,65
"34 St-Penn Station (1,2,3)",,M,"27,741,367","26,034,238","25,968,950","25,967,676","8,103,809","8,935,671","831,862",10.30%,10
"34 St-Penn Station (A,C,E)",,M,"25,183,869","24,366,500","24,857,456","25,631,364","8,010,472","9,855,288","1,844,816",23.00%,5
"47-50 Sts-Rockefeller Center (B,D,F,M)",,M,"18,086,203","17,471,620","17,289,384","18,604,810","5,826,100","6,110,395","284,295",4.90%,19
"49 St (N,R,W)",,M,"8,754,627","8,626,669","8,394,862","7,410,041","1,985,474","2,653,104","667,630",33.60%,70
"5 Av-53 St (E,M)",,M,"7,240,517","7,111,270","7,748,504","7,684,091","2,076,871","2,328,956","252,085",12.10%,85
"5 Av-59 St (N,R,W)",,M,"5,929,715","5,367,130","5,136,918","4,995,128","1,672,584","2,137,582","464,998",27.80%,97
50 St (1),,M,"8,157,242","7,751,756","8,088,925","8,134,360","2,213,137","2,481,176","268,039",12.10%,77
"50 St (C,E)",,M,"6,778,797","6,694,422","6,441,984","6,902,595","2,002,813","2,714,329","711,516",35.50%,67
57 St (F),43,M,"4,821,309","4,557,372","2,254,820","4,550,216","1,491,039","1,775,855","284,816",19.10%,129
"57 St-7 Av (N,Q,R,W)",,M,"9,616,547","11,300,097","11,978,164","11,012,550","3,474,824","4,099,554","624,730",18.00%,32
"59 St-Columbus Circle (A,B,C,D,1)",,M,"23,203,443","22,929,203","22,991,014","23,040,650","7,618,925","9,310,678","1,691,753",22.20%,8
66 St-Lincoln Center (1),,M,"7,606,975","7,002,620","7,196,026","7,068,256","2,141,714","2,479,656","337,942",15.80%,78
68 St-Hunter College (6),,M,"10,124,694","6,998,999","6,537,270","6,699,711","2,511,235","2,987,056","475,821",18.90%,59
"7 Av (B,D,E)",,M,"5,162,589","5,105,535","5,299,531","5,508,778","1,545,234","1,757,665","212,431",13.70%,132
"72 St (1,2,3)",,M,"13,257,766","12,749,746","12,879,887","12,379,560","4,498,641","5,718,388","1,219,747",27.10%,21
"72 St (B,C)",44,M,"2,921,892","2,799,974","1,382,963","2,837,041","935,070","1,369,718","434,648",46.50%,179
72 St (Q),,M,,"8,536,209","9,068,131","9,528,891","3,752,228","4,786,684","1,034,456",27.60%,25
77 St (6),,M,"10,927,200","8,276,168","7,653,602","7,821,286","3,190,550","4,117,467","926,917",29.10%,31
79 St (1),,M,"5,371,624","5,102,655","4,990,840","4,745,863","1,678,293","2,273,868","595,575",35.50%,89
"8 St-New York University (R,W)",,M,"6,030,544","5,569,352","5,686,332","5,434,212","1,549,451","2,116,673","567,222",36.60%,101
"81 St-Museum of Natural History (B,C)",,M,"4,517,912","4,328,599","4,748,083","4,407,607","1,275,973","1,888,156","612,183",48.00%,118
86 St. (1),,M,"6,359,252","5,988,837","6,139,911","5,659,795","2,076,862","2,712,070","635,208",30.60%,68
"86 St. (4,5,6)",,M,"20,337,593","14,277,369","13,486,510","13,537,308","5,155,496","6,576,295","1,420,799",27.60%,12
"86 St. (B,C)",45,M,"3,478,317","3,177,707","1,734,366","3,232,637","1,188,684","1,548,082","359,398",30.20%,156
86 St (Q),,M,,"7,693,260","8,075,480","8,378,778","2,913,038","3,589,258","676,220",23.20%,45
"96 St (1,2,3)",,M,"12,700,397","11,948,981","11,702,401","11,628,887","4,293,386","5,381,939","1,088,553",25.40%,22
96 St (6),,M,"8,004,488","5,576,058","5,151,742","5,145,222","2,219,217","2,656,566","437,349",19.70%,69
"96 St (B,C)",,M,"3,044,779","2,887,965","2,836,643","3,038,864","1,194,638","1,478,303","283,665",23.70%,167
96 St (Q),,M,,"5,445,960","6,014,304","6,154,837","2,353,959","2,771,138","417,179",17.70%,66
Astor Place (6),,M,"5,271,496","5,245,449","5,111,358","5,502,925","1,684,189","2,127,381","443,192",26.30%,99
"Bowery (J,Z)",,M,"1,223,959","1,327,970","1,275,541","1,325,244","454,326","572,281","117,955",26.00%,341
"Bowling Green (4,5)",,M,"8,870,811","8,234,513","8,251,885","8,362,034","2,503,222","2,632,772","129,550",5.20%,71
"Broad St (J,Z)",,M,"2,064,292","2,056,754","1,967,616","2,172,223","698,480","746,314","47,834",6.80%,297
"Broadway-Lafayette St (B,D,F,M)/Bleecker St (6)",,M,"12,405,639","11,956,465","11,414,999","12,455,155","4,062,645","5,274,947","1,212,302",29.80%,23
"Brooklyn Bridge-City Hall (4,5,6)/Chambers St (J,Z)",,M,"10,059,080","9,360,484","9,060,206","9,065,146","2,710,023","3,147,136","437,113",16.10%,55
Canal St (1),,M,"1,801,063","1,756,236","1,884,371","1,984,827","560,302","633,250","72,948",13.00%,326
"Canal St (A,C,E)",,M,"5,753,945","5,932,386","6,160,037","6,403,172","1,965,245","2,243,849","278,604",14.20%,91
"Canal St (J,N,Q,R,W,Z,6)",,M,"15,274,896","16,285,516","15,995,877","15,861,864","4,881,373","6,297,364","1,415,991",29.00%,16
Cathedral Pkwy-110 St (1),,M,"4,160,302","3,947,489","4,013,259","3,703,893","1,433,586","1,917,734","484,148",33.80%,117
"Cathedral Pkwy-110 St (B,C)",46,M,"2,354,421","2,377,135","1,168,203","2,396,624","934,145","1,205,170","271,025",29.00%,197
"Central Park North-110 St (2,3)",,M,"3,147,750","2,963,206","2,823,756","2,666,985","1,060,348","1,222,250","161,902",15.30%,194
"Chambers St (1,2,3)",,M,"6,948,976","6,459,435","6,108,641","5,941,546","1,781,685","1,957,661","175,976",9.90%,113
"Chambers St (A,C)/WTC (E)/Park Place (2,3)/Cortlandt (R,W)",,M,"20,349,660","20,927,141","21,636,146","20,820,549","5,930,847","6,413,162","482,315",8.10%,14
Christopher St-Sheridan Sq (1),,M,"3,307,136","3,193,169","3,312,074","3,412,332","1,067,635","1,597,437","529,802",49.60%,150
"City Hall (R,W)",,M,"1,977,733","2,258,254","1,920,070","1,710,380","536,758","616,119","79,361",14.80%,331
"Delancey St (F)/Essex St (J,M,Z)",,M,"8,458,101","8,128,719","7,922,586","8,861,296","3,388,714","4,415,980","1,027,266",30.30%,29
Dyckman St (1),,M,"2,410,021","2,329,753","2,263,932","2,079,656","1,055,222","1,154,408","99,186",9.40%,206
Dyckman St (A),,M,"2,135,271","2,165,366","2,037,425","2,238,372","953,250","1,095,910","142,660",15.00%,219
East Broadway (F),,M,"4,752,739","4,458,909","4,216,327","4,460,330","1,622,512","2,013,700","391,188",24.10%,109
Franklin St (1),,M,"1,782,203","1,700,180","1,757,424","1,567,005","501,136","613,327","112,191",22.40%,333
"Fulton St (A,C,J,Z,2,3,4,5)",,M,"25,162,937","26,838,473","27,719,115","27,715,365","8,855,302","9,728,874","873,572",9.90%,6
"Grand Central-42 St (S,4,5,6,7)",,M,"46,121,509","44,928,488","45,207,849","45,745,700","13,162,826","14,002,142","839,316",6.40%,3
"Grand St (B,D)",,M,"7,942,505","7,653,408","7,187,070","8,024,364","2,908,017","3,676,433","768,416",26.40%,41
Harlem-148 St (3),,M,"1,220,407","1,209,846","1,232,448","1,120,454","473,937","532,571","58,634",12.40%,351
Houston St (1),,M,"4,375,993","4,326,280","4,488,886","4,496,793","1,378,640","1,509,148","130,508",9.50%,163
Inwood-207 St (A),,M,"2,904,915","2,954,523","2,796,626","3,150,731","1,260,062","1,396,591","136,529",10.80%,175
"Lexington Av (N,Q,R)/59 St (4,5,6)",,M,"21,000,635","17,888,188","16,955,204","16,760,813","6,273,480","7,397,107","1,123,627",17.90%,11
"Lexington Av-53 St (E,M)/51 St (6)",,M,"19,929,405","18,940,774","18,585,755","18,957,465","5,718,725","6,226,900","508,175",8.90%,17
"Lexington Av-63 St (F,Q)",,M,"5,033,950","6,389,408","6,506,078","6,567,634","2,441,527","3,129,478","687,951",28.20%,56
Marble Hill-225 St (1),,M,"1,777,035","1,726,646","1,686,237","1,561,844","754,010","828,832","74,822",9.90%,279
"Prince St (R,W)",,M,"5,314,922","4,990,346","5,142,727","4,342,692","1,218,279","1,864,902","646,623",53.10%,121
Rector St (1),,M,"2,805,381","2,861,772","2,764,454","2,554,523","708,206","887,375","179,169",25.30%,264
"Rector St (R,W)",,M,"2,038,348","2,213,971","2,154,295","2,014,996","594,426","674,273","79,847",13.40%,317
Roosevelt Island (F),,M,"2,110,471","2,361,627","2,269,432","2,380,764","893,253","1,230,617","337,364",37.80%,193
"South Ferry (1)/Whitehall St (R,W)",,M,"9,009,136","10,205,836","10,275,268","10,272,682","3,065,053","3,600,135","535,082",17.50%,44
Spring St (6),,M,"3,792,870","3,701,740","3,654,673","3,754,272","1,123,745","1,682,203","558,458",49.70%,142
"Spring St (C,E)",,M,"3,744,702","3,637,863","3,853,792","4,423,135","1,377,863","1,762,208","384,345",27.90%,131
"Times Sq-42 St (N,Q,R,S,W,1,2,3,7)/42 St (A,C,E)/Bryant Pk (B,D,F,M)/5 Av (7)",,M,"81,465,653","81,410,028","81,116,784","82,233,996","25,746,634","29,507,558","3,760,924",14.60%,1
"Wall St (2,3)",,M,"7,689,447","6,935,020","6,452,733","6,910,581","2,029,161","1,991,358","-37,803",-1.90%,112
"Wall St (4,5)",,M,"6,148,384","5,704,122","5,646,207","5,720,475","1,710,383","1,794,655","84,272",4.90%,128
"West 4 St-Washington Sq (A,B,C,D,E,F,M)",,M,"13,955,067","13,849,130","13,446,383","14,063,633","4,503,429","5,833,859","1,330,430",29.50%,20
WTC Cortlandt (1) ,47,M,0,0,"1,245,455","4,232,521","1,138,815","1,280,003","141,188",12.40%,187
103 St-Corona Plaza (7),,Q,"6,504,644","6,498,237","6,319,564","6,399,657","3,311,294","4,069,292","757,998",22.90%,34
104 St (A),0,Q,"626,547","560,309","548,871","536,924","243,156","274,883","31,727",13.00%,404
"104 St (J,Z)",48,Q,"850,903","502,541","456,765","774,888","365,060","439,642","74,582",20.40%,375
111 St (7),,Q,"3,753,756","3,721,445","3,608,389","3,836,999","2,119,770","2,399,049","279,279",13.20%,83
111 St (A),49,Q,"561,857","748,813","762,641","760,163","339,066","368,997","29,931",8.80%,393
111 St (J),50,Q,"805,255","948,885","801,639","350,344","302,101","378,100","75,999",25.20%,391
"121 St (J,Z)",51,Q,"794,687","337,075","391,696","675,500","315,015","384,709","69,694",22.10%,389
169 St (F),,Q,"2,787,763","2,629,975","2,497,336","2,465,120","1,061,564","1,241,861","180,297",17.00%,191
21 St (G),,Q,"580,065","598,061","550,464","535,536","228,383","313,868","85,485",37.40%,400
21 St-Queensbridge (F),,Q,"3,009,540","3,157,675","3,340,366","3,516,992","1,355,845","1,531,006","175,161",12.90%,160
"30 Av (N,W)",52,Q,"4,694,548","3,437,709","2,373,721","5,230,182","1,767,179","2,033,898","266,719",15.10%,107
33 St-Rawson St (7),,Q,"3,636,632","3,402,610","3,031,465","2,907,388","956,400","1,032,172","75,772",7.90%,235
"36 Av (N,W)",53,Q,"2,343,925","1,677,211","1,446,827","1,933,812","845,827","980,573","134,746",15.90%,243
"36 St (M,R)",,Q,"1,355,271","1,362,430","1,513,330","1,383,420","470,766","519,938","49,172",10.40%,355
"39 Av (N,W)",54,Q,"1,016,809","979,103","665,750","761,816","382,607","425,965","43,358",11.30%,379
40 St-Lowery St (7),,Q,"3,399,567","3,261,769","3,048,104","3,074,342","1,236,614","1,539,302","302,688",24.50%,158
"46 St (M,R)",,Q,"2,904,517","2,781,811","2,711,011","2,609,445","1,052,114","1,250,697","198,583",18.90%,189
46 St-Bliss St (7),,Q,"4,541,003","4,303,987","4,058,815","4,019,044","1,769,578","2,169,169","399,591",22.60%,95
52 St (7),,Q,"2,131,770","2,027,659","1,883,246","1,907,368","847,430","1,061,804","214,374",25.30%,230
"63 Dr-Rego Park (M,R)",,Q,"5,219,811","4,991,559","4,769,745","4,753,706","1,954,647","2,319,942","365,295",18.70%,86
"65 St (M,R)",,Q,"1,183,534","1,120,703","1,129,031","1,098,148","465,309","567,622","102,313",22.00%,342
"67 Av (M,R)",,Q,"2,807,769","2,695,321","2,592,645","2,641,450","1,021,518","1,161,639","140,121",13.70%,205
69 St (7),,Q,"1,643,806","1,602,770","1,510,410","1,564,387","743,488","993,701","250,213",33.70%,241
"74-Broadway (7)/Jackson Hts-Roosevelt Av (E,F,M,R)",,Q,"17,301,839","17,095,073","16,994,358","17,077,862","7,523,538","9,437,073","1,913,535",25.40%,7
"75 Av (E,F)",,Q,"1,102,600","994,127","1,019,978","1,059,027","395,084","463,228","68,144",17.20%,368
"75 St-Elderts Ln (J,Z)",,Q,"1,187,714","1,069,608","992,267","1,029,388","516,795","616,695","99,900",19.30%,330
80 St (A),55,Q,"1,098,234","1,346,296","1,332,047","1,298,825","552,808","662,344","109,536",19.80%,320
82 St-Jackson Hts (7),,Q,"5,089,971","5,018,542","4,741,470","4,893,865","2,297,896","3,182,336","884,440",38.50%,54
85 St-Forest Pkwy (J),,Q,"1,237,770","1,156,600","1,063,133","1,061,293","546,685","632,887","86,202",15.80%,327
88 St (A),,Q,"952,251","880,776","855,851","853,110","384,745","430,498","45,753",11.90%,378
90 St-Elmhurst Av (7),,Q,"5,471,961","5,460,868","5,245,160","5,272,683","2,661,934","3,299,515","637,581",24.00%,51
Aqueduct Racetrack (A),,Q,"676,971","641,464","732,091","601,436","168,737","234,571","65,834",39.00%,411
Aqueduct-North Conduit Av (A),,Q,"342,494","309,029","276,067","263,422","107,146","125,407","18,261",17.00%,417
"Astoria Blvd (N,W)",56,Q,"3,894,399","3,988,480","4,226,298","723,354","1,053,976","1,582,181","528,205",50.10%,152
"Astoria-Ditmars Blvd (N,W)",,Q,"5,429,314","5,031,462","4,543,854","5,277,341","1,996,236","2,280,654","284,418",14.20%,88
"Beach 105 St (A,S)",,Q,"95,469","97,654","92,852","88,439","37,750","41,437","3,687",9.80%,422
Beach 25 St (A),,Q,"601,116","582,975","543,839","517,164","258,136","267,817","9,681",3.80%,408
Beach 36 St (A),,Q,"305,816","298,395","275,165","292,305","149,257","155,722","6,465",4.30%,415
Beach 44 St (A),,Q,"212,440","214,473","216,609","215,701","109,448","111,217","1,769",1.60%,419
Beach 60 St (A),,Q,"794,595","726,189","630,038","623,826","313,416","312,493",-923,-0.30%,401
Beach 67 St-Arverne By The Sea (A),,Q,"811,248","792,444","669,421","718,008","366,760","383,966","17,206",4.70%,390
"Beach 90 St (A,S)",,Q,"335,515","411,887","382,766","348,771","129,188","148,147","18,959",14.70%,416
"Beach 98 St (A,S)",,Q,"203,795","180,588","154,620","164,130","63,297","71,935","8,638",13.60%,421
"Briarwood-Van Wyck Blvd (E,F)",,Q,"1,515,926","1,489,396","1,462,744","1,501,152","627,403","742,983","115,580",18.40%,299
"Broad Channel (A,S)",,Q,"91,208","87,774","82,248","90,358","35,837","39,981","4,144",11.60%,423
"Broadway (N,W)",57,Q,"4,189,306","4,060,805","2,436,810","3,038,655","1,463,280","1,809,540","346,260",23.70%,127
"Court Sq (E,G,M,7)",,Q,"6,809,217","7,003,218","7,218,939","7,033,377","2,368,959","2,830,854","461,895",19.50%,64
"Elmhurst Av (M,R)",,Q,"4,268,747","4,039,686","3,898,046","3,867,341","1,706,575","2,047,952","341,377",20.00%,106
Far Rockaway-Mott Av (A),,Q,"1,572,694","1,472,005","1,376,087","1,347,765","709,394","715,676","6,282",0.90%,306
Flushing-Main St (7),,Q,"19,257,879","18,746,832","17,799,862","17,568,837","6,944,923","9,206,396","2,261,473",32.60%,9
Forest Av (M),58,Q,"1,316,296","796,742","927,801","1,310,163","609,687","689,509","79,822",13.10%,312
"Forest Hills-71 Av (E,F,M,R)",,Q,"8,581,096","8,748,221","8,115,385","8,027,234","3,100,667","3,659,612","558,945",18.00%,42
Fresh Pond Rd (M),59,Q,"1,831,889","1,198,376","1,400,512","1,776,084","841,585","937,847","96,262",11.40%,253
"Grand Av-Newtown (M,R)",,Q,"6,057,028","5,792,378","5,713,827","5,730,846","2,394,479","2,932,966","538,487",22.50%,61
Howard Beach-JFK Airport (A),,Q,"1,012,067","1,123,405","1,154,695","1,171,303","325,750","457,932","132,182",40.60%,370
Hunters Point Av (7),,Q,"1,994,002","1,999,970","1,932,478","1,885,928","705,574","703,246","-2,328",-0.30%,308
"Jamaica Center-Parsons-Archer (E,J,Z)",,Q,"12,470,914","11,604,228","10,681,269","10,010,419","4,284,646","4,766,773","482,127",11.30%,26
Jamaica-179 St (F),,Q,"6,783,119","6,463,698","6,270,766","6,262,449","2,741,359","3,023,613","282,254",10.30%,58
Jamaica-Van Wyck (E),,Q,"1,536,716","1,555,962","1,502,672","1,412,179","807,093","777,620","-29,473",-3.70%,290
Junction Blvd (7),,Q,"7,249,912","7,084,849","6,896,657","6,883,317","3,622,647","4,656,086","1,033,439",28.50%,27
"Kew Gardens-Union Turnpike (E,F)",,Q,"8,109,611","7,811,007","7,680,149","7,625,674","3,054,242","3,508,016","453,774",14.90%,46
Mets-Willets Point (7),,Q,"2,004,343","1,873,789","1,756,825","2,025,162","311,888","1,034,620","722,732",231.70%,234
Middle Village-Metropolitan Av (M),60,Q,"1,365,048","875,782","954,875","1,090,449","514,007","612,324","98,317",19.10%,335
"Northern Blvd (M,R)",,Q,"2,264,100","2,140,551","2,097,374","2,008,091","902,165","1,067,116","164,951",18.30%,228
Ozone Park-Lefferts Blvd (A),,Q,"2,351,557","2,306,419","2,296,755","2,216,647","1,019,115","1,076,417","57,302",5.60%,224
Parsons Blvd (F),,Q,"2,063,042","1,998,650","2,003,517","2,086,114","1,089,861","1,133,530","43,669",4.00%,209
"Queens Plaza (E,M,R)",,Q,"3,124,028","3,374,948","3,886,574","4,334,290","1,422,188","1,691,730","269,542",19.00%,140
"Queensboro Plaza (N,W,7)",,Q,"4,105,500","4,566,287","5,079,051","5,018,211","1,790,223","2,225,527","435,304",24.30%,92
Rockaway Blvd (A),0,Q,"2,382,252","2,371,645","2,336,304","2,299,903","1,040,869","1,196,776","155,907",15.00%,202
"Rockaway Park-Beach 116 St (A,S)",,Q,"250,220","235,691","240,483","228,144","110,133","109,098","-1,035",-0.90%,420
Seneca Av (M),61,Q,"854,251","454,373","565,714","1,080,829","474,806","466,641","-8,165",-1.70%,367
"Steinway St. (M,R)",,Q,"4,703,321","4,733,777","5,075,623","4,715,335","1,768,131","2,110,765","342,634",19.40%,103
Sutphin Blvd (F),,Q,"1,414,334","1,338,831","1,303,795","1,345,420","702,013","707,596","5,583",0.80%,307
"Sutphin Blvd-Archer Av-JFK Airport (E,J,Z)",,Q,"7,904,869","7,457,153","7,282,128","7,354,064","2,951,061","3,799,692","848,631",28.80%,38
Vernon Blvd-Jackson Av (7),,Q,"4,877,185","4,821,191","4,493,326","4,623,070","1,768,317","2,189,038","420,721",23.80%,94
"Woodhaven Blvd (J,Z)",,Q,"1,513,298","1,512,676","1,370,889","1,337,787","681,796","753,419","71,623",10.50%,296
"Woodhaven Blvd (M,R)",,Q,"7,144,921","6,871,409","6,509,386","6,381,132","2,634,483","3,302,348","667,865",25.40%,49
Woodside-61 St (7),,Q,"5,511,564","5,457,171","5,282,486","5,345,369","2,391,083","3,037,602","646,519",27.00%,57
Brooklyn,,,"384,540,220","379,372,550","370,231,302","370,545,959","153,292,738","183,587,543","30,294,805",19.80%,
Bronx,,,"153,079,012","149,220,838","139,238,932","138,381,037","65,662,311","72,920,734","7,258,423",11.10%,
Manhattan,,,"966,394,667","955,572,737","936,516,980","952,710,327","319,882,176","381,549,651","61,667,475",19.30%,
Queens,,,"252,780,951","243,113,483","234,085,767","236,149,679","100,703,801","121,918,793","21,214,992",21.10%,
Systemwide Adjustment,,,"19,950","86,999","-12,579",,,,0,,
System Total,,,"1,756,814,800","1,727,366,607","1,680,060,402","1,697,787,002","639,541,025","759,976,721","120,435,696",18.80%,
